,status,duration,credit_history,purpose,amount,savings,employment_duration,installment_rate,personal_status_sex,other_debtors,present_residence,property,age,other_installment_plans,housing,number_credits,job,people_liable,telephone,foreign_worker,credit_risk
0,1,18,4,2,1049,1,2,4,2,1,4,2,21,3,1,1,3,2,1,2,1
1,1,9,4,0,2799,1,3,2,3,1,2,1,36,3,1,2,3,1,1,2,1
2,2,12,2,9,841,2,4,2,2,1,4,1,23,3,1,1,2,2,1,2,1
3,1,12,4,0,2122,1,3,3,3,1,2,1,39,3,1,2,2,1,1,1,1
4,1,10,4,0,2241,1,2,1,3,1,3,1,48,3,1,2,2,1,1,1,1
5,1,8,4,0,3398,1,4,1,3,1,4,1,39,3,2,2,2,2,1,1,1
6,1,6,4,0,1361,1,2,2,3,1,4,1,40,3,2,1,2,1,1,1,1
7,4,18,4,3,1098,1,1,4,2,1,4,3,65,3,2,2,1,2,1,2,1
8,2,24,2,3,3758,3,1,1,2,1,4,4,23,3,1,1,1,2,1,2,1
9,1,11,4,0,3905,1,3,2,3,1,2,1,36,3,1,2,3,1,1,2,1
10,1,30,4,1,6187,2,4,1,4,1,4,3,24,3,1,2,3,2,1,2,1
11,1,6,4,3,1957,1,4,1,2,1,4,3,31,3,2,1,3,2,1,2,1
12,2,48,3,10,7582,2,1,2,3,1,4,4,31,3,2,1,4,2,2,2,1
13,1,6,2,3,2647,3,3,2,3,1,3,1,44,3,1,1,3,1,1,2,1
14,1,11,4,0,3939,1,3,1,3,1,2,1,40,3,2,2,2,1,1,2,1
15,2,18,2,3,3213,3,2,1,4,1,3,1,25,3,1,1,3,2,1,2,1
16,4,11,4,0,7228,1,3,1,3,1,4,2,39,3,2,2,2,2,1,2,1
17,2,12,4,0,3124,1,2,1,3,1,3,1,49,1,2,2,2,1,1,2,1
18,2,12,4,4,1424,1,4,4,3,1,3,2,26,3,2,1,3,2,1,2,1
19,1,6,4,0,4716,5,2,1,3,1,3,1,44,3,2,2,2,1,1,2,1
20,2,11,3,3,4771,1,4,2,3,1,4,2,51,3,2,1,3,2,1,2,1
21,1,12,2,2,652,1,5,4,2,1,4,2,24,3,1,1,3,2,1,2,1
22,4,15,2,0,3556,5,3,3,3,1,2,4,29,3,2,1,3,2,1,2,1
23,3,42,4,1,4796,1,5,4,3,1,4,4,56,3,3,1,3,2,1,2,1
24,3,30,4,3,3017,1,5,4,3,1,4,2,47,3,2,1,3,2,1,2,1
25,4,36,4,0,3535,1,4,4,3,1,4,3,37,3,2,2,3,2,2,2,1
26,4,24,2,3,1376,3,4,4,2,1,1,3,28,3,2,1,3,2,1,2,1
27,1,15,2,0,1721,1,2,2,3,1,3,1,36,3,2,1,3,2,1,2,1
28,1,6,4,0,860,1,5,1,2,1,4,4,39,3,2,2,3,2,2,2,1
29,4,12,4,0,1495,1,5,4,3,1,1,1,38,3,2,2,2,1,1,2,1
30,4,12,4,3,1934,1,5,2,3,1,2,4,26,3,2,2,3,2,1,2,1
31,4,18,2,1,3378,5,3,2,3,1,1,2,31,3,2,1,3,2,2,2,1
32,4,24,4,1,3868,1,5,4,2,1,2,3,41,3,1,2,4,2,2,2,1
33,4,12,4,5,996,5,4,4,2,1,4,1,23,3,2,2,3,2,1,2,1
34,1,24,2,10,1755,1,5,4,2,3,4,1,58,3,2,1,2,2,2,2,1
35,4,18,4,0,1028,1,3,4,2,1,3,1,36,3,2,2,3,2,1,2,1
36,2,24,4,9,2825,5,4,4,3,1,3,4,34,3,2,2,3,1,2,2,1
37,2,18,2,6,1239,5,3,4,3,1,4,4,61,3,3,1,3,2,1,2,1
38,4,24,2,9,1258,1,4,4,3,1,1,1,25,3,2,1,3,2,2,2,1
39,4,24,2,0,1474,2,2,4,4,1,3,1,33,3,2,1,3,2,2,2,1
40,4,12,2,0,640,1,3,4,1,1,2,1,49,3,2,1,2,2,1,2,1
41,3,36,2,3,3919,1,3,2,3,1,2,1,23,3,2,1,3,2,2,2,1
42,4,12,4,3,2331,5,5,1,3,2,4,1,49,3,2,1,3,2,2,2,1
43,4,24,2,1,6313,5,5,3,3,1,4,3,41,3,2,1,4,1,2,2,1
44,1,12,4,3,385,1,4,4,2,1,3,1,58,3,2,4,2,2,2,2,1
45,4,12,4,3,1655,1,5,2,3,1,4,1,63,3,2,2,2,2,2,2,1
46,1,15,2,3,1053,1,2,4,4,1,2,1,27,3,2,1,3,2,1,1,1
47,4,21,2,3,3160,5,5,4,3,1,3,2,41,3,2,1,3,2,2,2,1
48,4,36,2,0,3079,5,3,4,3,1,4,1,36,3,2,1,3,2,1,2,1
49,4,12,4,0,1163,3,3,4,3,1,4,1,44,3,2,1,3,2,2,2,1
50,4,24,2,1,2679,1,2,4,2,1,1,4,29,3,2,1,4,2,2,2,1
51,4,48,4,3,3578,5,5,4,3,1,1,1,47,3,2,1,3,2,2,2,1
52,4,36,3,0,10875,1,5,2,3,1,2,3,45,3,2,2,3,1,2,2,1
53,4,6,4,3,1237,2,3,1,2,1,1,2,27,3,2,2,3,2,1,2,1
54,2,12,2,3,1567,1,3,1,2,1,1,3,22,3,2,1,3,2,2,2,1
55,4,24,3,0,2032,1,5,4,3,1,4,4,60,3,3,2,3,2,2,2,1
56,2,21,4,2,2745,4,4,3,3,1,2,3,32,3,2,2,3,2,2,2,1
57,4,30,2,3,1867,5,5,4,3,1,4,3,58,3,2,1,3,2,2,2,1
58,4,24,2,2,929,5,4,4,3,1,2,3,31,2,2,1,3,2,2,2,1
59,3,12,2,3,3399,5,5,2,3,1,3,3,37,3,2,1,4,2,1,2,1
60,2,9,2,2,2030,5,4,2,3,1,1,3,24,3,2,1,3,2,2,2,1
61,4,21,4,1,3275,1,5,1,3,1,4,3,36,3,2,1,4,2,2,2,1
62,4,24,4,0,1940,4,5,4,3,1,4,1,60,3,2,1,3,2,2,2,1
63,4,15,2,3,1979,5,5,4,3,1,2,3,35,3,2,1,3,2,1,2,1
64,4,36,4,3,3342,5,5,4,3,1,2,3,51,3,2,1,3,2,2,2,1
65,3,15,4,1,2360,3,3,2,3,1,2,3,36,3,2,1,3,2,2,2,1
66,4,15,4,2,1520,5,5,4,3,1,4,2,63,3,2,1,3,2,1,2,1
67,1,12,2,0,3651,4,3,1,3,1,3,2,31,3,2,1,3,1,1,2,1
68,4,24,4,1,2346,1,4,4,3,1,3,3,35,3,2,2,3,2,2,2,1
69,4,36,3,3,4454,1,3,4,2,1,4,1,34,3,2,2,3,2,1,2,1
70,1,6,4,0,666,4,4,3,2,1,4,1,39,3,2,2,2,2,2,2,1
71,2,24,3,0,1965,5,3,4,2,1,4,3,42,3,1,2,3,2,2,2,1
72,2,12,4,0,1995,2,2,4,3,1,1,3,27,3,2,1,3,2,1,2,1
73,2,30,2,3,2991,5,5,2,2,1,4,3,25,3,2,1,3,2,1,2,1
74,2,30,0,9,4221,1,3,2,2,1,1,3,28,3,2,2,3,2,1,2,1
75,1,9,2,3,1364,1,4,3,3,1,4,1,59,3,2,1,3,2,1,2,1
76,2,12,4,3,3573,1,3,1,2,1,1,1,23,3,2,1,2,2,1,2,1
77,1,9,2,2,2136,1,3,3,3,1,2,1,25,3,2,1,3,2,1,2,1
78,4,24,4,2,3777,4,3,4,3,1,4,1,40,3,2,1,3,2,2,2,1
79,2,36,3,0,7432,1,3,2,2,1,2,2,54,3,1,1,3,2,1,2,1
80,4,24,2,0,1393,1,3,2,3,3,2,1,31,3,2,1,3,2,2,2,1
81,4,12,4,9,1412,1,3,4,2,3,2,1,29,3,2,2,4,2,2,2,1
82,4,24,2,3,1533,1,2,4,2,1,3,3,38,2,2,1,3,2,2,2,1
83,4,12,4,6,2012,5,4,4,2,1,2,3,61,3,2,1,3,2,1,2,1
84,1,6,2,2,428,1,5,2,2,1,1,2,49,1,2,1,3,2,2,2,1
85,2,12,4,0,2366,3,4,3,1,1,3,3,36,3,2,1,4,2,2,2,1
86,4,12,2,2,763,1,3,4,2,1,1,1,26,3,2,1,3,2,2,2,1
87,2,21,2,2,3976,5,4,2,3,1,3,3,35,3,2,1,3,2,2,2,1
88,2,9,4,2,1919,1,4,4,3,1,3,3,35,3,1,1,3,2,2,2,1
89,4,24,2,1,2603,4,3,2,2,1,4,3,28,3,1,1,3,2,2,2,1
90,4,9,4,6,936,3,5,4,3,1,2,3,52,3,2,2,3,2,2,2,1
91,4,24,2,2,3062,3,5,4,3,1,3,4,32,3,1,1,3,2,2,2,1
92,2,36,2,3,4795,1,2,4,2,1,1,4,30,3,2,1,4,2,2,2,1
93,4,36,4,1,5842,1,5,2,3,1,2,2,35,3,2,2,3,1,2,2,1
94,2,6,2,3,2063,1,2,4,4,1,3,3,30,3,1,1,4,2,2,2,1
95,4,15,4,3,1459,1,3,4,2,1,2,3,43,3,2,1,2,2,1,2,1
96,4,15,2,3,1213,3,5,4,3,1,3,2,47,2,2,1,3,2,2,2,1
97,4,24,4,3,5103,1,2,3,4,1,3,4,47,3,3,3,3,2,2,2,1
98,4,15,2,4,874,5,2,4,2,1,1,1,24,3,2,1,3,2,1,2,1
99,4,6,2,2,2978,3,3,1,3,1,2,3,32,3,2,1,3,2,2,2,1
100,4,24,4,3,2872,2,5,3,3,1,4,1,36,3,2,1,3,1,2,2,1
101,3,24,2,2,1925,1,3,2,3,1,2,1,26,3,2,1,3,2,1,2,1
102,4,18,2,2,2515,1,3,3,3,1,4,1,43,3,2,1,3,2,2,2,1
103,3,6,2,2,2116,1,3,2,3,1,2,1,41,3,2,1,3,2,2,2,1
104,4,18,2,3,1453,1,2,3,2,1,1,1,26,3,2,1,3,2,1,2,1
105,4,10,2,0,1364,1,3,2,2,1,4,3,64,3,2,1,3,2,2,2,1
106,4,6,2,2,1543,4,3,4,1,1,2,1,33,3,2,1,3,2,1,2,1
107,1,24,1,0,2325,2,4,2,3,1,3,3,32,1,2,1,3,2,1,2,1
108,2,6,4,8,932,5,4,1,2,1,3,2,39,3,2,2,2,2,1,2,1
109,4,36,2,3,3835,5,5,2,2,1,4,1,45,3,2,1,2,2,2,2,1
110,2,24,2,3,5084,5,5,2,2,1,4,3,42,3,2,1,3,2,2,2,1
111,4,9,4,2,2406,1,1,2,3,1,3,3,31,3,2,1,4,2,1,2,1
112,4,36,2,3,2394,5,3,4,2,1,4,3,25,3,2,1,3,2,1,2,1
113,1,24,2,1,2964,5,5,4,3,1,4,4,49,1,3,1,3,1,2,2,1
114,1,12,2,2,1262,5,5,2,1,1,4,2,49,3,2,1,2,2,2,2,1
115,4,12,2,9,1542,1,4,2,3,1,4,3,36,3,2,1,3,2,2,2,1
116,2,24,4,3,1743,1,5,4,3,1,2,2,48,3,2,2,2,2,1,2,1
117,3,12,1,3,409,4,3,3,2,1,3,1,42,3,1,2,3,2,1,2,1
118,4,12,2,3,2171,1,2,2,2,1,2,3,29,1,2,1,3,2,1,2,1
119,4,48,4,1,8858,5,4,2,3,1,1,4,35,3,3,2,3,2,2,2,1
120,2,24,2,0,3512,2,4,2,3,1,3,3,38,1,2,2,3,2,2,2,1
121,4,24,4,3,2684,1,3,4,3,1,2,1,35,3,2,2,2,2,1,2,1
122,4,30,4,3,5954,1,4,3,3,2,2,3,38,3,2,1,3,2,1,2,1
123,2,12,4,2,3617,1,5,1,3,1,4,3,28,3,1,3,3,2,2,2,1
124,4,12,4,3,1291,1,3,4,2,1,2,2,35,3,2,2,3,2,1,2,1
125,3,24,4,9,1275,4,3,2,1,1,4,1,36,3,2,2,3,2,2,2,1
126,4,24,2,2,3972,1,4,2,2,1,4,2,25,3,1,1,3,2,2,2,1
127,4,15,4,2,3343,1,3,4,3,1,2,4,28,3,3,1,3,2,2,2,1
128,3,15,2,6,392,1,2,4,2,1,4,2,23,3,1,1,3,2,2,2,1
129,4,9,4,0,2134,1,3,4,3,1,4,3,48,3,2,3,3,2,2,2,1
130,4,30,4,3,5771,1,4,4,2,1,2,3,25,3,2,2,3,2,1,2,1
131,4,24,4,9,4526,1,3,3,3,1,2,1,74,3,2,1,4,2,2,2,1
132,4,15,4,2,2788,1,4,2,2,2,3,3,24,1,2,2,3,2,1,2,1
133,4,6,4,3,1382,1,3,1,2,1,1,3,28,3,2,2,3,2,2,2,1
134,3,36,2,3,5848,1,3,4,3,1,1,3,24,3,2,1,3,2,1,2,1
135,3,12,2,3,1297,1,3,3,4,1,4,1,23,3,1,1,3,2,1,2,1
136,4,24,2,3,1552,1,4,3,3,1,1,3,32,1,2,1,3,1,1,2,1
137,4,12,2,3,1963,1,4,4,3,1,2,3,31,3,1,2,4,1,2,2,1
138,4,24,2,3,3235,3,5,3,1,1,2,3,36,3,2,1,4,2,2,2,1
139,4,24,4,9,4139,2,3,3,3,1,3,2,27,3,2,2,2,2,2,2,1
140,2,12,4,1,1804,2,2,3,3,1,4,2,44,3,2,1,3,2,1,2,1
141,4,18,2,9,1950,1,4,4,3,1,1,3,34,2,2,2,3,2,2,2,1
142,4,48,3,3,12749,3,4,4,3,1,1,3,37,3,2,1,4,2,2,2,1
143,4,9,2,4,1236,1,2,1,2,1,4,1,23,3,1,1,3,2,2,2,1
144,4,18,4,0,1055,1,2,4,2,1,1,2,30,3,2,2,3,2,1,2,1
145,1,30,0,9,8072,5,2,2,3,1,3,3,25,1,2,3,3,2,1,2,1
146,4,30,4,3,2831,1,3,4,2,1,2,3,33,3,2,1,3,2,2,2,1
147,4,9,2,9,1449,1,4,3,2,1,2,3,27,3,2,2,3,2,1,2,1
148,4,36,2,9,5742,2,4,2,3,1,2,3,31,3,2,2,3,2,2,2,1
149,4,12,2,0,2390,5,5,4,3,1,3,3,50,3,2,1,3,2,2,2,1
150,4,24,2,3,3430,3,5,3,3,1,2,3,31,3,2,1,3,1,2,2,1
151,2,36,2,6,2273,1,4,3,3,1,1,3,32,3,2,2,3,1,1,2,1
152,3,21,2,0,2923,2,3,1,2,1,1,3,28,1,2,1,4,2,2,2,1
153,4,24,2,3,1901,2,3,4,3,1,4,3,29,3,1,1,4,2,2,2,1
154,2,48,2,0,8487,5,4,1,2,1,2,3,24,3,2,1,3,2,1,2,1
155,4,24,2,0,2255,5,2,4,3,1,1,2,54,3,2,1,3,2,1,2,1
156,4,12,2,3,1262,1,3,3,3,1,2,3,25,3,2,1,3,2,1,2,1
157,4,33,4,1,7253,1,4,3,3,1,2,3,35,3,2,2,4,2,2,2,1
158,4,6,4,0,6761,1,4,1,3,1,3,4,45,3,2,2,4,1,2,2,1
159,4,18,4,2,1817,1,3,4,2,1,2,4,28,3,2,2,3,2,1,2,1
160,4,48,1,9,3609,1,3,1,2,1,1,1,27,2,2,1,3,2,1,2,1
161,4,30,2,3,2333,3,5,4,3,1,2,3,30,1,2,1,4,2,1,2,1
162,3,18,1,3,1445,5,4,4,3,1,4,3,49,1,2,1,2,2,1,2,1
163,1,24,2,2,7721,5,2,1,2,1,2,2,30,3,2,1,3,2,2,1,1
164,1,21,2,0,3763,5,4,2,3,2,2,1,24,3,2,1,2,2,1,1,1
165,2,18,2,9,4439,1,5,1,3,2,1,1,33,1,2,1,4,2,2,2,1
166,2,15,2,3,1444,5,2,4,3,1,1,2,23,3,2,1,3,2,1,2,1
167,2,48,1,0,12169,5,1,4,3,2,4,4,36,3,3,1,4,2,2,2,1
168,4,9,2,3,2753,2,5,3,3,2,4,3,35,3,2,1,3,2,2,2,1
169,3,4,2,0,1494,5,2,1,3,1,2,1,29,3,2,1,2,1,1,1,1
170,1,24,1,2,2828,3,3,4,3,1,4,1,22,2,2,1,3,2,2,2,1
171,1,24,1,2,2483,3,3,4,3,1,4,1,22,2,2,1,3,2,2,2,1
172,3,6,4,0,1299,1,3,1,3,1,1,1,74,3,2,3,1,1,1,1,1
173,2,9,2,0,1549,5,2,4,3,1,2,1,35,3,2,1,1,2,1,2,1
174,3,10,2,0,3949,1,2,1,3,3,1,2,37,3,2,1,2,1,1,2,1
175,4,10,2,1,2901,5,2,1,2,1,4,1,31,3,1,1,3,2,1,2,1
176,3,6,2,0,709,4,2,2,4,1,2,1,27,3,2,1,1,2,1,1,1
177,1,47,2,0,10722,1,2,1,2,1,1,1,35,3,2,1,2,2,2,2,1
178,4,10,2,0,1287,5,5,4,3,2,2,2,45,3,2,1,2,2,1,1,1
179,1,18,1,3,1940,1,2,3,3,2,4,4,36,1,3,1,4,2,2,2,1
180,3,30,4,3,3656,5,5,4,3,1,4,2,49,2,2,2,2,2,1,2,1
181,4,24,3,1,4679,1,4,3,3,1,3,3,35,3,2,2,2,2,2,2,1
182,4,27,3,1,8613,4,3,2,3,1,2,3,27,3,2,2,3,2,1,2,1
183,1,18,2,2,2659,4,3,4,3,1,2,3,28,3,2,1,3,2,1,2,1
184,4,24,4,3,1516,4,3,4,2,1,1,1,43,3,2,2,2,2,1,2,1
185,1,18,2,0,4380,2,3,3,3,1,4,3,35,3,2,1,2,1,2,2,1
186,4,14,3,0,802,1,3,4,3,1,2,3,27,3,2,2,2,2,1,2,1
187,4,21,2,9,1572,4,5,4,2,1,4,1,36,1,2,1,2,2,1,2,1
188,2,48,1,9,3566,2,4,4,3,1,2,3,30,3,2,1,3,2,1,2,1
189,4,24,2,3,1278,1,5,4,3,1,1,1,36,3,2,1,4,2,2,2,1
190,4,39,2,1,8588,2,5,4,3,1,2,3,45,3,2,1,4,2,2,2,1
191,1,30,2,1,3857,1,3,4,1,1,4,2,40,3,2,1,4,2,2,2,1
192,1,24,2,3,1603,1,5,4,2,1,4,3,55,3,2,1,3,2,1,2,1
193,4,21,2,2,2241,1,5,4,3,1,2,1,50,3,2,2,3,2,1,2,1
194,1,24,2,3,2384,1,5,4,3,1,4,1,64,1,1,1,2,2,1,2,1
195,4,4,2,2,601,1,2,1,2,1,3,1,23,3,1,1,2,1,1,2,1
196,4,39,2,1,2569,3,3,4,3,1,4,3,24,3,2,1,3,2,1,2,1
197,4,18,2,9,1568,2,3,3,2,1,4,2,24,3,1,1,2,2,1,2,1
198,4,18,4,3,629,3,5,4,3,1,3,2,32,1,2,2,4,2,2,2,1
199,4,6,1,3,1750,3,5,2,3,1,4,2,45,1,2,1,2,1,1,2,1
200,4,18,4,3,1800,1,3,4,3,1,2,3,24,3,2,2,3,2,1,2,1
201,4,24,3,2,4151,2,3,2,3,1,3,2,35,3,2,2,3,2,1,2,1
202,2,15,2,5,2631,2,3,3,2,1,2,1,25,3,2,1,2,2,1,2,1
203,2,18,3,0,2899,5,5,4,3,1,4,3,43,3,2,1,3,1,1,2,1
204,2,18,3,5,6204,1,3,2,3,1,4,1,44,3,2,1,2,1,2,2,1
205,4,12,2,3,804,1,5,4,3,1,4,3,38,3,2,1,3,2,1,2,1
206,4,36,2,3,3595,1,5,4,3,1,2,3,28,3,2,1,3,2,1,2,1
207,4,36,4,1,5711,4,5,4,3,1,2,3,38,3,2,2,4,2,2,2,1
208,1,15,3,2,3643,1,5,1,2,1,4,2,27,3,2,2,2,2,1,2,1
209,4,10,4,2,2146,1,2,1,2,1,3,1,23,3,1,2,3,2,1,2,1
210,4,5,2,9,3448,1,4,1,3,1,4,1,74,3,2,1,2,2,1,2,1
211,4,15,2,2,2708,1,2,2,3,1,3,2,27,1,2,2,2,2,1,2,1
212,4,11,4,0,1393,1,2,4,2,1,4,3,35,3,2,2,4,2,1,2,1
213,3,10,2,2,1275,1,2,4,2,1,2,2,23,3,2,1,3,2,1,2,1
214,4,9,2,2,1313,1,5,1,3,1,4,3,20,3,2,1,3,2,1,2,1
215,4,22,2,3,2675,3,5,3,3,1,4,3,40,3,2,1,3,2,1,2,1
216,2,9,2,3,2118,1,3,2,3,1,2,1,37,3,2,1,2,1,1,2,1
217,4,12,4,2,1258,1,2,2,2,1,4,2,22,3,1,2,2,2,1,2,1
218,4,15,1,3,1569,2,5,4,3,1,4,3,34,1,2,1,2,1,1,2,1
219,4,36,3,2,7678,3,4,2,2,1,4,3,40,3,2,2,3,2,2,2,1
220,4,6,2,5,660,3,4,2,4,1,4,1,23,3,1,1,2,2,1,2,1
221,4,24,2,2,2835,3,5,3,3,1,4,2,53,3,2,1,3,2,1,2,1
222,4,24,2,1,2670,1,5,4,3,1,4,3,35,3,2,1,4,2,2,2,1
223,4,12,1,8,3447,3,3,4,2,1,3,1,35,3,2,1,2,1,1,2,1
224,4,15,2,3,3568,1,5,4,2,1,2,3,54,1,1,1,4,2,2,2,1
225,2,21,4,9,3652,1,4,2,3,1,3,2,27,3,2,2,3,2,1,2,1
226,1,24,2,3,3660,1,3,2,2,1,4,3,28,3,2,1,3,2,1,2,1
227,3,9,2,3,1126,2,5,2,1,1,4,1,49,3,2,1,3,2,1,2,1
228,3,6,3,3,683,1,2,2,2,1,1,2,29,1,2,1,3,2,1,2,1
229,3,12,2,2,2251,1,3,1,2,1,2,3,46,3,2,1,2,2,1,2,1
230,4,12,2,1,4675,5,2,1,2,1,4,3,20,3,1,1,3,2,1,2,1
231,2,21,3,0,2353,1,3,1,1,1,4,2,47,3,2,2,3,2,1,2,1
232,1,21,2,3,3357,4,2,4,2,1,2,3,29,1,2,1,3,2,1,2,1
233,4,6,2,0,672,1,1,1,2,1,4,1,54,3,2,1,1,2,2,2,1
234,4,9,2,3,2697,1,3,1,3,1,2,1,32,3,2,1,3,1,1,2,1
235,4,9,2,0,2507,3,5,2,3,1,4,4,51,3,3,1,2,2,1,2,1
236,4,15,3,3,1478,1,3,4,4,1,3,1,33,1,2,2,3,2,1,2,1
237,4,12,4,6,3565,5,2,2,3,1,1,2,37,3,2,2,2,1,1,2,1
238,4,6,4,3,1898,5,3,1,3,1,2,1,34,3,2,2,2,1,1,2,1
239,2,6,3,9,1449,2,5,1,1,1,2,3,31,1,2,2,3,1,1,2,1
240,4,15,3,2,960,4,4,3,2,1,2,2,30,3,2,2,3,2,1,2,1
241,4,36,2,1,8133,1,3,1,2,1,2,2,30,1,2,1,3,2,1,2,1
242,4,9,2,2,2301,2,2,2,2,1,4,2,22,3,1,1,3,2,1,2,1
243,4,6,3,9,1743,2,3,1,3,1,2,1,34,3,2,2,2,2,1,2,1
244,2,12,2,2,983,4,2,1,2,1,4,1,19,3,1,1,2,2,1,2,1
245,4,18,3,3,2320,1,1,2,4,1,3,1,34,3,2,2,3,2,1,2,1
246,1,12,1,8,339,1,5,4,4,1,1,3,45,1,2,1,2,2,1,2,1
247,3,24,2,3,5152,1,4,4,3,1,2,3,25,1,2,1,3,2,1,2,1
248,3,24,2,2,3749,1,2,2,2,1,4,3,26,3,2,1,3,2,1,2,1
249,4,9,4,3,3074,5,3,1,3,1,2,1,33,3,2,2,3,1,1,2,1
250,4,24,2,0,1469,2,5,4,4,1,4,1,41,3,1,1,2,2,1,2,1
251,1,6,2,2,1374,1,3,1,3,1,2,1,36,1,2,1,2,2,2,2,1
252,1,21,2,3,2606,1,2,4,2,1,4,2,28,3,1,1,4,2,2,2,1
253,4,54,0,1,9436,5,3,2,3,1,2,2,39,3,2,1,2,1,1,2,1
254,4,12,4,3,930,5,5,4,3,1,4,1,65,3,2,4,3,2,1,2,1
255,4,48,4,1,2751,5,5,4,3,1,3,3,38,3,2,2,3,1,2,2,1
256,4,6,4,0,250,4,3,2,2,1,2,1,41,1,2,2,2,2,1,2,1
257,2,24,2,0,1201,1,2,4,3,1,1,2,26,3,2,1,3,2,1,2,1
258,1,6,2,0,662,1,2,3,3,1,4,1,41,3,2,1,2,1,2,2,1
259,4,15,2,1,1300,5,5,4,3,1,4,4,45,1,3,1,3,1,1,2,1
260,4,24,1,9,1559,1,4,4,3,1,4,3,40,1,2,1,3,2,2,2,1
261,4,15,4,3,1360,1,3,4,3,1,2,2,31,3,2,2,3,2,1,2,1
262,4,6,0,0,1204,2,3,4,3,1,1,4,35,1,1,1,3,2,1,1,1
263,4,10,2,0,1597,3,3,3,3,1,2,4,40,3,1,1,2,1,1,1,1
264,4,12,2,3,2073,2,3,4,2,2,2,1,28,3,2,1,3,2,1,2,1
265,4,11,2,9,2142,4,5,1,1,1,2,1,28,3,2,1,3,2,2,2,1
266,1,10,4,2,2132,5,2,2,2,2,3,1,27,3,1,2,3,2,1,1,1
267,4,10,2,0,1546,1,3,3,3,1,2,1,31,3,2,1,2,1,1,1,1
268,4,24,4,0,1287,4,5,4,2,1,4,1,37,3,2,2,3,2,2,2,1
269,4,10,2,0,1418,2,3,3,3,1,2,1,35,3,1,1,2,2,1,1,1
270,3,6,4,0,1343,1,5,1,3,1,4,1,46,3,2,2,3,1,1,1,1
271,4,18,2,0,2662,5,4,4,3,1,3,2,32,3,2,1,3,2,1,1,1
272,4,18,4,3,6070,1,5,3,3,1,4,3,33,3,2,2,3,2,2,2,1
273,4,24,4,6,1927,5,3,3,2,1,2,3,33,3,2,2,3,2,2,2,1
274,4,18,4,3,2404,1,3,2,2,1,2,3,26,3,2,2,3,2,1,2,1
275,4,6,4,3,1554,1,4,1,2,1,2,3,24,3,1,2,3,2,2,2,1
276,4,22,2,0,1283,5,4,4,2,1,4,2,25,3,1,1,3,2,1,2,1
277,4,24,3,0,717,5,5,4,4,1,4,3,54,3,2,2,3,2,2,2,1
278,1,24,2,2,1747,1,2,4,3,2,1,2,24,3,2,1,2,2,1,1,1
279,1,9,4,5,1288,2,5,3,3,3,4,1,48,3,2,2,3,1,1,1,1
280,1,10,4,0,1038,1,4,4,3,2,3,2,49,3,2,2,3,2,2,2,1
281,4,10,2,1,2848,2,3,1,3,2,2,1,32,3,2,1,3,1,1,2,1
282,4,12,2,1,1413,4,4,3,3,1,2,2,55,3,2,1,3,2,1,1,1
283,4,30,4,3,3077,5,5,3,3,1,2,3,40,3,2,2,3,1,2,2,1
284,1,24,1,1,3632,1,3,1,2,3,4,3,22,1,1,1,3,2,1,1,1
285,4,18,4,1,3229,5,1,2,3,1,4,4,38,3,2,1,4,2,2,2,1
286,4,9,2,0,3577,2,3,1,3,3,2,1,26,3,1,1,3,1,1,1,1
287,4,12,4,0,682,2,4,4,2,1,3,3,51,3,2,2,3,2,2,2,1
288,4,10,2,3,1924,1,3,1,3,1,4,2,38,3,2,1,3,2,2,1,1
289,4,10,2,6,727,3,5,4,3,1,4,4,46,3,3,1,3,2,2,2,1
290,3,10,4,0,781,1,5,4,3,1,4,4,63,3,3,2,3,2,2,2,1
291,1,12,4,0,2121,1,3,4,3,1,2,2,30,3,2,2,3,2,1,2,1
292,4,12,4,6,701,1,3,4,3,1,2,3,32,3,2,2,3,2,1,2,1
293,4,10,4,2,2069,5,3,2,4,1,1,3,26,3,2,2,3,2,1,1,1
294,4,24,2,0,1525,4,4,4,2,1,3,3,34,3,2,1,3,1,2,2,1
295,4,6,2,3,1346,2,5,2,3,1,4,4,42,1,3,1,3,1,2,2,1
296,1,24,2,1,2924,1,3,3,3,3,4,4,63,1,2,1,3,1,2,2,1
297,4,10,4,0,1231,1,5,3,3,1,4,1,32,3,2,2,2,1,1,1,1
298,3,18,2,0,1961,1,5,3,2,1,2,3,23,3,2,1,4,2,1,2,1
299,4,15,4,0,5045,5,5,1,2,1,4,3,59,3,2,1,3,2,2,2,1
300,4,12,4,0,1255,1,5,4,3,1,4,1,61,3,2,2,2,2,1,2,1
301,1,12,2,2,1858,1,2,4,2,1,1,3,22,3,1,1,3,2,1,2,1
302,4,6,4,2,1221,5,3,1,4,1,2,2,27,3,2,2,3,2,1,2,1
303,4,9,2,2,1388,1,3,4,2,1,2,1,26,3,1,1,3,2,1,2,1
304,4,12,0,2,2759,1,5,2,3,1,4,2,34,3,2,2,3,2,1,2,1
305,3,24,2,3,1258,3,3,3,2,1,3,3,57,3,2,1,2,2,1,2,1
306,2,12,0,8,1410,1,3,2,3,1,2,1,31,3,2,1,2,2,2,2,1
307,1,15,2,0,1403,1,3,2,2,1,4,3,28,3,1,1,3,2,1,2,1
308,1,24,2,2,3021,1,3,2,1,1,2,1,24,3,1,1,2,2,1,2,1
309,4,24,4,3,2578,4,5,2,3,1,2,3,34,3,2,1,3,2,1,2,1
310,2,24,4,1,7758,4,5,2,2,1,4,4,29,3,1,1,3,2,1,2,1
311,1,6,2,4,343,1,2,4,2,1,1,1,27,3,2,1,3,2,1,2,1
312,4,21,3,2,1591,2,4,4,3,1,3,1,34,3,2,2,4,2,1,2,1
313,2,27,3,1,5965,1,5,1,3,1,2,3,30,3,2,2,4,2,2,2,1
314,2,15,2,5,1514,2,3,4,3,3,2,1,22,3,2,1,3,2,1,2,1
315,4,30,4,3,6742,5,4,2,3,1,3,2,36,3,2,2,3,2,1,2,1
316,1,21,2,2,3599,1,4,1,2,1,4,3,26,3,1,1,2,2,1,2,1
317,4,60,4,0,13756,5,5,2,3,1,4,4,63,1,3,1,4,2,2,2,1
318,2,9,2,0,276,1,3,4,4,1,4,1,22,3,1,1,2,2,1,2,1
319,4,42,4,2,4041,3,3,4,3,1,4,1,36,3,2,2,3,2,2,2,1
320,2,9,2,3,458,1,3,4,3,1,3,1,24,3,2,1,3,2,1,2,1
321,4,24,2,0,7393,1,3,1,3,1,4,2,43,3,2,1,2,1,1,2,1
322,1,24,2,1,2812,5,5,2,2,1,4,1,26,3,1,1,3,2,1,2,1
323,4,15,2,1,3029,1,4,2,3,1,2,3,33,3,2,1,3,2,1,2,1
324,3,12,4,0,1480,3,1,2,3,1,4,4,66,1,3,3,1,2,1,2,1
325,3,6,4,6,1047,1,3,2,2,1,4,2,50,3,2,1,2,2,1,2,1
326,4,24,2,2,5511,2,3,4,3,1,1,3,25,2,2,1,3,2,1,2,1
327,2,9,2,3,1206,1,5,4,2,1,4,1,25,3,2,1,3,2,1,2,1
328,2,24,3,3,6403,1,2,1,3,1,2,3,33,3,2,1,3,2,1,2,1
329,4,12,2,3,707,1,3,4,3,1,2,1,30,1,2,2,3,2,1,2,1
330,2,12,2,0,6078,1,4,2,3,1,2,3,32,3,2,1,3,2,1,2,1
331,1,6,2,1,1352,3,1,1,2,1,2,2,23,3,1,1,1,2,2,2,1
332,4,24,2,3,3181,1,2,4,2,1,4,2,26,3,2,1,3,2,2,2,1
333,4,18,2,3,4594,1,2,3,3,1,2,3,32,3,2,1,3,2,2,2,1
334,2,48,2,10,5381,5,1,3,3,1,4,4,40,1,3,1,1,2,2,2,1
335,4,15,2,1,4657,1,3,3,3,1,2,3,30,3,2,1,3,2,2,2,1
336,2,9,2,9,1391,1,3,2,4,1,1,1,27,1,2,1,3,2,2,2,1
337,4,42,2,3,7166,5,4,2,4,1,4,2,29,3,1,1,3,2,2,2,1
338,4,13,2,3,1409,2,1,2,2,1,4,1,64,3,2,1,3,2,1,2,1
339,4,12,4,3,976,5,5,4,3,1,4,3,35,3,2,2,3,2,1,2,1
340,4,24,3,9,2375,3,3,4,3,1,2,3,44,3,2,2,3,1,2,2,1
341,4,12,4,3,522,3,5,4,3,1,4,2,42,3,2,2,3,1,2,2,1
342,4,28,4,3,2743,1,5,4,3,1,2,3,29,3,2,2,3,2,1,2,1
343,4,11,4,3,1154,2,1,4,2,1,4,1,57,3,2,3,2,2,1,2,1
344,4,18,4,3,1169,5,3,4,3,1,3,2,29,3,2,2,3,2,2,2,1
345,1,15,4,2,1478,1,5,4,3,1,4,3,44,3,2,2,3,1,2,2,1
346,4,12,2,3,776,1,3,4,4,1,2,1,28,3,2,1,3,2,1,2,1
347,2,11,4,0,1322,4,3,4,2,1,4,3,40,3,2,2,3,2,1,2,1
348,2,16,4,0,1175,1,1,2,3,1,3,3,68,3,3,3,1,2,2,2,1
349,4,15,4,3,1829,1,5,4,3,1,4,3,46,3,2,2,3,2,2,2,1
350,4,12,4,3,717,1,5,4,3,1,4,1,52,3,2,3,3,2,1,2,1
351,2,39,3,6,11760,2,4,2,3,1,3,4,32,3,1,1,3,2,2,2,1
352,1,12,2,6,1200,5,3,4,2,1,4,2,23,1,1,1,3,2,2,2,1
353,2,9,2,0,3195,5,3,1,2,1,2,1,33,3,2,1,2,2,1,2,1
354,4,30,4,3,4530,1,4,4,2,1,4,3,26,3,1,1,4,2,2,2,1
355,2,15,4,9,2326,3,3,2,3,1,4,3,27,1,2,1,3,2,1,2,1
356,2,18,4,9,1887,5,3,4,4,1,4,1,28,1,2,2,3,2,1,2,1
357,4,12,4,9,1264,5,5,4,3,1,4,4,57,3,1,1,2,2,1,2,1
358,4,7,3,3,846,5,5,3,3,1,4,4,36,3,3,1,3,2,1,2,1
359,4,15,4,6,1532,2,3,4,2,1,3,3,31,3,2,1,3,2,1,2,1
360,4,6,3,3,935,1,3,3,2,1,2,1,24,3,2,1,3,2,1,2,1
361,1,27,4,9,2442,1,5,4,3,1,4,3,43,2,2,4,4,1,2,2,1
362,2,18,4,9,3590,1,1,3,4,1,3,3,40,3,2,3,1,1,2,2,1
363,4,21,4,2,2288,1,2,4,2,1,4,2,23,3,2,1,3,2,2,2,1
364,4,27,3,9,5117,1,4,3,3,1,4,3,26,3,2,2,3,2,1,2,1
365,4,15,2,3,1386,5,3,4,4,1,2,1,40,3,1,1,3,2,2,2,1
366,4,12,2,2,1574,1,3,4,3,1,2,1,50,3,2,1,3,2,1,2,1
367,4,6,4,3,700,5,5,4,3,1,4,4,36,3,3,2,3,2,1,2,1
368,4,12,2,3,886,5,3,4,2,1,2,3,21,3,2,1,3,2,1,2,1
369,4,36,2,1,4686,1,3,2,3,1,2,4,32,3,3,1,4,2,2,2,1
370,2,9,2,3,790,3,3,4,2,1,3,1,66,3,2,1,2,2,1,2,1
371,1,20,2,2,2212,5,4,4,3,1,4,3,39,3,2,1,3,2,2,2,1
372,2,10,2,0,7308,1,1,2,3,1,4,4,70,1,3,1,4,2,2,2,1
373,2,24,4,6,5743,1,2,2,2,1,4,4,24,3,3,2,3,2,2,2,1
374,1,14,2,0,3973,1,1,1,3,1,4,4,22,3,3,1,3,2,1,2,1
375,2,60,3,3,7418,5,3,1,3,1,1,1,27,3,2,1,2,2,1,2,1
376,2,18,2,9,1941,4,3,4,3,1,2,2,35,3,2,1,2,2,2,2,1
377,2,24,3,2,2333,5,2,4,3,1,2,2,29,1,2,1,2,2,1,2,1
378,4,12,2,1,2445,5,2,2,4,1,4,3,26,3,1,1,3,2,2,2,1
379,2,20,2,1,6468,5,1,1,1,1,4,1,60,3,2,1,4,2,2,2,1
380,2,18,4,2,7374,1,1,4,3,1,4,2,40,2,2,2,4,2,2,2,1
381,2,12,2,0,7472,5,1,1,2,1,2,1,24,3,1,1,1,2,1,2,1
382,3,12,2,2,1424,5,5,3,2,1,4,1,55,3,2,1,4,2,2,2,1
383,2,12,2,1,2028,5,3,4,3,1,2,3,30,3,2,1,3,2,1,2,1
384,4,15,2,0,5324,3,5,1,2,1,4,4,35,3,3,1,3,2,1,2,1
385,2,36,2,3,2323,1,4,4,3,1,4,3,24,3,1,1,3,2,1,2,1
386,4,12,2,6,1393,1,5,4,3,1,4,2,47,1,2,3,3,1,2,2,1
387,4,18,2,2,1984,1,3,4,3,1,4,4,47,1,3,2,3,2,1,2,1
388,4,24,2,3,999,5,5,4,3,1,2,3,25,3,2,2,3,2,1,2,1
389,4,15,2,2,2186,5,4,1,2,1,4,1,33,1,1,1,2,2,1,2,1
390,3,36,2,3,4473,1,5,4,3,1,2,3,31,3,2,1,3,2,1,2,1
391,4,24,2,8,937,1,2,4,4,1,3,3,27,3,2,2,2,2,1,2,1
392,4,18,2,2,3422,1,5,4,3,1,4,2,47,1,2,3,3,1,2,2,1
393,4,24,2,3,3105,5,2,4,3,1,2,3,25,3,2,2,3,2,1,2,1
394,4,12,4,6,2748,1,5,2,2,1,4,4,57,1,3,3,2,2,1,2,1
395,2,18,2,5,3872,1,1,2,2,1,4,3,67,3,2,1,3,2,2,2,1
396,4,27,2,5,5190,5,5,4,3,1,4,2,48,3,2,4,3,1,2,2,1
397,2,18,2,2,3001,1,4,2,2,1,4,1,40,3,1,1,3,2,1,2,1
398,4,24,3,9,3863,1,3,1,3,1,2,4,32,3,3,1,3,2,1,2,1
399,4,12,4,2,5801,5,5,2,3,1,4,2,49,3,1,1,3,2,2,1,1
400,4,12,4,2,1592,4,4,3,2,1,2,2,35,3,2,1,3,2,1,2,1
401,4,12,4,9,1185,1,3,3,2,1,2,1,27,3,2,2,3,2,1,2,1
402,4,18,4,2,3780,1,2,3,1,1,2,3,35,3,2,2,4,2,2,2,1
403,4,12,2,9,1076,1,3,2,4,1,2,1,26,3,2,1,3,2,2,2,1
404,4,12,2,0,3527,5,2,2,3,1,3,2,45,3,2,1,4,1,2,2,1
405,4,18,2,3,2051,1,2,4,3,1,1,1,33,3,2,1,3,2,1,2,1
406,4,12,4,2,3331,1,5,2,3,1,4,2,42,2,2,1,3,2,1,2,1
407,1,18,0,9,3104,1,4,3,3,1,1,2,31,1,2,1,3,2,2,2,1
408,4,24,4,3,2611,1,5,4,4,2,3,1,46,3,2,2,3,2,1,2,1
409,1,12,4,1,1409,1,5,4,3,1,3,1,54,3,2,1,3,2,1,2,1
410,4,24,2,3,1311,2,4,4,4,1,3,2,26,3,2,1,3,2,2,2,1
411,4,6,2,3,2108,1,4,2,4,1,2,1,29,3,1,1,3,2,1,2,1
412,4,24,4,1,4042,5,4,3,3,1,4,2,43,3,2,2,3,2,2,2,1
413,1,12,2,3,1680,3,5,3,4,1,1,1,35,3,2,1,3,2,1,2,1
414,4,24,2,0,1249,1,2,4,4,1,2,1,28,3,2,1,3,2,1,2,1
415,4,6,2,3,1595,1,4,3,3,1,2,2,51,3,2,1,3,1,1,2,1
416,4,24,4,5,2058,1,3,4,1,1,2,1,33,3,2,2,3,2,2,2,1
417,4,24,2,1,7814,1,4,3,3,1,3,3,38,3,2,1,4,2,2,2,1
418,4,6,4,3,1740,1,5,2,4,1,2,1,30,3,1,2,3,2,1,2,1
419,4,12,4,3,1240,5,5,4,2,1,2,1,38,3,2,2,3,2,2,2,1
420,4,24,4,1,6842,5,3,2,3,1,4,2,46,3,2,2,4,1,2,2,1
421,4,24,4,2,5150,1,5,4,3,1,4,3,33,3,2,1,3,2,2,2,1
422,1,6,2,0,1203,2,5,3,3,1,2,2,43,3,2,1,3,2,2,2,1
423,4,6,4,0,2080,3,3,1,4,1,2,3,24,3,2,1,3,2,1,2,1
424,4,6,2,6,1538,1,2,1,2,1,2,4,56,3,2,1,3,2,1,2,1
425,2,24,4,0,3878,2,2,4,1,1,2,3,37,3,2,1,3,2,2,2,1
426,2,30,2,2,3832,1,2,2,4,1,1,2,22,3,2,1,3,2,1,2,1
427,4,15,2,0,3186,4,4,2,2,1,3,3,20,3,1,1,3,2,1,2,1
428,2,24,2,3,2896,2,2,2,3,1,1,3,29,3,2,1,3,2,1,2,1
429,2,24,3,9,6967,2,4,4,3,1,4,3,36,3,1,1,4,2,2,2,1
430,2,12,4,1,1860,1,1,4,3,1,2,3,34,3,2,2,4,2,2,2,1
431,4,36,4,3,9566,1,3,2,2,1,2,3,31,2,2,2,3,2,1,2,1
432,1,12,2,3,701,1,3,4,4,1,2,1,40,3,2,1,2,2,1,2,1
433,2,12,2,3,2930,1,4,2,2,1,1,1,27,3,2,1,3,2,1,2,1
434,4,18,2,3,1505,1,3,4,3,1,2,4,32,3,3,1,4,2,2,2,1
435,4,18,4,3,2238,1,3,2,2,1,1,3,25,3,2,2,3,2,1,2,1
436,4,4,4,3,1503,1,4,2,3,1,1,1,42,3,2,2,2,1,1,2,1
437,4,24,4,1,2197,5,4,4,3,1,4,3,43,3,2,2,3,1,2,2,1
438,1,18,4,3,1880,1,4,4,4,1,1,2,32,3,2,2,4,2,2,2,1
439,2,24,2,3,1967,1,5,4,2,1,4,3,20,3,2,1,3,2,2,2,1
440,4,4,4,0,3380,1,4,1,2,1,1,1,37,3,2,1,3,1,1,2,1
441,4,4,4,0,1455,1,4,2,3,1,1,1,42,3,2,3,2,1,1,2,1
442,4,7,4,3,730,5,5,4,3,1,2,2,46,3,1,2,2,2,2,2,1
443,2,18,0,2,3244,1,3,1,2,1,4,3,33,1,2,2,3,2,2,2,1
444,2,48,2,3,3979,5,4,4,3,1,1,3,41,3,2,2,3,1,2,2,1
445,2,18,4,2,1295,1,2,4,2,1,1,2,27,3,2,2,3,2,1,2,1
446,4,4,4,3,1544,1,4,2,3,1,1,1,42,3,2,3,2,1,1,2,1
447,2,30,2,3,1715,5,3,4,2,1,1,3,26,3,2,1,3,2,1,2,1
448,3,10,4,3,1347,5,4,4,3,1,2,2,27,3,2,2,3,2,2,2,1
449,2,12,2,0,1007,4,3,4,4,1,1,1,22,3,2,1,3,2,1,2,1
450,4,12,4,2,1402,3,4,3,2,1,4,3,37,3,1,1,3,2,2,2,1
451,4,12,4,6,2096,1,4,2,3,1,3,1,49,3,2,1,2,1,1,2,1
452,4,12,2,0,1101,1,3,3,4,1,2,1,27,3,2,2,3,2,2,2,1
453,4,10,2,8,894,5,4,4,2,1,3,2,40,3,2,1,3,2,2,2,1
454,2,11,2,2,1577,4,2,4,2,1,1,1,20,3,2,1,3,2,1,2,1
455,4,33,3,9,2764,1,3,2,2,1,2,3,26,3,2,2,3,2,2,2,1
456,2,48,0,0,8358,3,2,1,2,1,1,3,30,3,2,2,3,2,1,2,1
457,3,12,2,2,1474,1,2,4,2,1,1,2,33,1,2,1,4,2,2,2,1
458,4,24,2,1,5433,5,1,2,2,1,4,2,26,3,1,1,4,2,2,2,1
459,2,14,2,9,1410,3,5,1,4,1,2,1,35,3,2,1,3,2,2,2,1
460,4,20,4,0,3485,5,2,2,1,1,4,1,44,3,2,2,3,2,2,2,1
461,4,18,4,1,3850,1,4,3,3,1,1,3,27,3,2,2,3,2,1,2,1
462,3,24,2,3,1377,2,5,4,2,1,2,4,47,3,3,1,3,2,2,2,1
463,4,30,3,9,4272,2,3,2,3,1,2,2,26,3,2,2,2,2,1,2,1
464,2,36,3,9,9857,2,4,1,3,1,3,2,31,3,2,2,2,1,2,2,1
465,4,6,4,0,362,2,3,4,2,1,4,3,52,3,2,2,2,2,1,2,1
466,4,12,4,2,1935,1,5,4,3,1,4,1,43,3,2,3,3,2,2,2,1
467,4,48,2,3,10222,5,4,4,3,1,3,3,37,2,2,1,3,2,2,2,1
468,3,12,2,0,1330,1,2,4,3,1,1,1,26,3,2,1,3,2,1,2,1
469,4,36,2,6,9055,5,3,2,3,1,4,4,35,3,3,1,2,1,2,2,1
470,2,30,1,2,3496,4,3,4,3,1,2,3,34,2,2,1,3,1,2,2,1
471,2,36,2,1,6948,1,3,2,3,1,2,3,35,3,1,1,4,2,2,2,1
472,2,48,0,9,12204,5,3,2,3,1,2,3,48,1,2,1,4,2,2,2,1
473,1,24,2,1,2910,1,4,2,3,1,1,4,34,3,3,1,4,2,2,2,1
474,1,18,4,0,5302,1,5,2,3,1,4,4,36,3,3,3,4,2,2,2,1
475,1,36,2,2,3620,1,3,1,3,3,2,2,37,3,2,1,3,1,1,2,1
476,1,18,2,3,3509,1,4,4,2,3,1,1,25,3,2,1,3,2,1,2,1
477,1,12,2,2,1657,1,3,2,3,1,2,1,27,3,2,1,3,2,1,2,1
478,1,8,4,10,1164,1,5,3,3,1,4,4,51,1,3,2,4,1,2,2,1
479,1,30,0,2,4583,1,3,2,1,3,2,1,32,3,2,2,3,2,1,2,1
480,1,36,4,2,5371,1,3,3,3,3,2,2,28,3,2,2,3,2,1,2,1
481,1,30,2,3,2522,1,5,1,3,3,3,2,39,3,2,1,3,1,1,2,1
482,4,24,4,2,2028,1,4,2,3,1,2,2,30,3,2,2,2,2,1,2,1
483,1,12,2,2,1289,1,3,4,3,3,1,2,21,3,2,1,2,2,1,2,1
484,1,15,4,2,975,1,3,2,1,1,3,2,25,3,2,2,3,2,1,2,1
485,2,6,3,2,1050,1,1,4,3,1,1,2,35,2,2,2,4,2,2,1,1
486,1,6,4,0,609,1,4,4,2,1,3,2,37,3,2,2,3,2,1,2,1
487,1,48,2,1,4788,1,4,4,3,1,3,2,26,3,2,1,3,1,1,2,1
488,2,24,2,2,3069,2,5,4,3,1,4,4,30,3,3,1,3,2,1,2,1
489,1,12,2,2,2577,1,3,2,1,1,1,3,42,3,2,1,3,2,1,2,1
490,1,12,2,2,1620,1,3,2,2,2,3,2,30,3,2,1,3,2,1,2,1
491,1,24,2,1,6579,1,1,4,3,1,2,4,29,3,3,1,4,2,2,2,1
492,1,12,2,0,1893,1,3,4,2,3,4,2,29,3,2,1,3,2,2,2,1
493,1,30,4,1,10623,1,5,3,3,1,4,4,38,3,3,3,4,1,2,2,1
494,1,18,2,0,2249,2,4,4,3,1,3,3,30,3,2,1,4,1,2,2,1
495,2,12,4,0,958,1,4,2,3,1,3,1,47,3,2,2,2,1,1,2,1
496,4,24,2,1,9277,5,3,2,1,1,4,4,48,3,3,1,3,2,2,2,1
497,4,24,4,10,6314,1,1,4,3,2,2,4,27,1,2,2,4,2,2,2,1
498,1,12,4,1,1526,1,5,4,3,1,4,4,66,3,3,2,4,2,1,2,1
499,1,12,2,2,3590,1,3,2,3,2,2,2,29,3,2,1,2,1,1,2,1
500,1,24,4,1,6615,1,1,2,3,1,4,4,75,3,3,2,4,2,2,2,1
501,1,6,4,2,1872,1,1,4,3,1,4,4,36,3,3,3,4,2,2,2,1
502,4,18,4,3,1582,4,5,4,3,1,4,3,46,3,2,2,3,2,1,2,1
503,4,6,2,8,1238,5,1,4,3,1,4,2,36,3,2,1,4,1,2,2,1
504,1,12,2,2,2578,1,1,3,2,1,4,4,55,3,3,1,4,2,1,2,1
505,1,15,4,2,1433,1,3,4,2,1,3,2,25,3,1,2,3,2,1,2,1
506,1,42,2,2,7882,1,4,2,3,3,4,2,45,3,3,1,3,1,1,2,1
507,1,24,2,2,4169,1,3,4,3,1,4,2,28,3,2,1,3,2,1,2,1
508,1,36,2,2,3959,1,1,4,3,1,3,2,30,3,2,1,4,2,2,2,1
509,1,36,2,0,3249,1,4,2,3,1,4,4,39,1,3,1,4,1,2,2,1
510,1,24,2,2,3149,1,2,4,3,1,1,4,22,1,3,1,3,2,1,2,1
511,1,13,4,9,1797,1,2,3,3,1,1,2,28,1,2,2,2,2,1,2,1
512,1,20,4,2,4272,1,5,1,2,1,4,2,24,3,2,2,3,2,1,2,1
513,1,24,4,1,2957,1,5,4,3,1,4,2,63,3,2,2,3,2,2,2,1
514,1,36,4,2,2348,1,3,3,4,1,2,2,46,3,2,2,3,2,2,2,1
515,3,42,0,9,6289,1,2,2,1,1,1,2,33,3,2,2,3,2,1,2,1
516,1,24,4,1,6419,1,5,2,2,1,4,4,44,3,3,2,4,1,2,2,1
517,4,24,4,6,1597,1,5,4,3,1,4,4,54,3,3,2,3,1,1,2,1
518,1,36,2,10,15857,1,1,2,1,2,3,3,43,3,2,1,4,2,1,2,1
519,4,24,4,3,2223,2,5,4,3,1,4,2,52,1,2,2,3,2,1,2,1
520,4,48,3,3,7238,5,5,3,3,1,3,3,32,1,2,2,3,1,1,2,1
521,2,18,2,9,2622,2,3,4,3,1,4,3,34,3,2,1,3,2,1,2,1
522,2,6,2,3,368,5,5,4,3,1,4,2,38,3,2,1,3,2,1,2,1
523,2,12,2,8,754,5,5,4,3,1,4,2,38,3,2,2,3,2,1,2,1
524,2,18,3,9,2427,5,5,4,3,1,2,2,42,3,2,2,3,2,1,2,1
525,2,6,2,3,753,1,3,2,2,3,3,1,64,3,2,1,3,2,1,2,1
526,2,7,2,3,2576,1,3,2,3,3,2,1,35,3,2,1,3,2,1,1,1
527,2,6,2,3,590,1,2,3,4,1,3,1,26,3,2,1,2,2,1,1,1
528,2,8,2,3,1414,1,3,4,3,3,2,1,33,3,2,1,3,2,1,1,1
529,2,12,2,3,1103,1,4,4,3,3,3,1,29,3,2,2,3,2,1,2,1
530,2,12,3,3,585,1,3,4,4,2,4,1,20,3,1,2,3,2,1,2,1
531,2,6,2,3,1068,1,5,4,3,1,4,3,28,3,2,1,3,1,1,2,1
532,1,8,4,0,713,1,5,4,3,1,4,1,47,3,2,2,2,2,1,2,1
533,2,12,2,3,1092,1,3,4,2,3,4,1,49,3,2,2,3,2,2,2,1
534,2,13,4,3,882,1,2,4,3,3,4,1,23,3,2,2,3,2,1,2,1
535,2,7,2,3,2415,1,3,3,3,3,2,1,34,3,2,1,3,2,1,2,1
536,2,13,2,3,2101,1,2,2,2,3,4,2,23,3,2,1,2,2,1,2,1
537,2,18,2,3,1301,1,5,4,4,3,2,1,32,3,2,1,2,2,1,2,1
538,2,8,2,3,760,1,4,4,2,3,2,1,44,3,2,1,2,2,1,2,1
539,2,12,2,3,625,1,2,4,4,3,1,1,26,1,2,1,2,2,1,2,1
540,3,6,4,0,1323,2,5,2,1,1,4,3,28,3,2,2,3,1,2,2,1
541,1,9,4,3,1138,1,3,4,3,1,4,1,25,3,2,2,2,2,1,2,1
542,2,18,4,3,1795,1,5,3,2,3,4,1,48,1,1,2,2,2,2,2,1
543,2,15,4,3,2728,5,4,4,3,3,2,1,35,1,2,3,3,2,2,2,1
544,2,6,2,3,484,1,4,3,4,3,3,1,28,1,2,1,2,2,1,2,1
545,2,10,1,3,1048,1,3,4,3,1,4,1,23,2,2,1,2,2,1,2,1
546,2,20,3,1,7057,5,4,3,3,1,4,2,36,1,1,2,4,1,2,2,1
547,2,15,4,3,1537,5,5,4,3,3,4,1,50,3,2,2,3,2,2,2,1
548,4,24,4,2,1585,1,4,4,3,1,3,2,40,3,2,2,3,2,1,2,1
549,2,10,2,2,1521,1,3,4,1,1,2,3,31,3,2,1,2,2,1,2,1
550,2,36,1,4,3990,5,2,3,2,1,2,4,29,1,2,1,1,2,1,2,1
551,3,18,2,2,3049,1,2,1,2,1,1,2,45,2,2,1,2,2,1,2,1
552,4,60,2,3,10144,2,4,2,2,1,4,1,21,3,2,1,3,2,2,2,1
553,1,12,2,0,1168,1,3,4,4,1,3,1,27,3,2,1,2,2,1,2,1
554,2,6,2,5,454,1,2,3,4,1,1,2,22,3,2,1,2,2,1,2,1
555,4,15,3,1,3594,1,2,1,2,1,2,2,46,3,2,2,2,2,1,2,1
556,4,60,3,3,15653,1,4,2,3,1,4,3,21,3,2,2,3,2,2,2,1
557,3,12,3,0,2247,1,3,2,2,1,2,3,36,2,2,2,3,2,2,2,1
558,4,24,2,3,1413,1,3,4,4,1,2,2,28,3,2,1,3,2,1,2,1
559,2,45,4,1,4576,2,1,3,3,1,4,3,27,3,2,1,3,2,1,2,1
560,1,24,4,3,1231,4,5,4,2,1,4,2,57,3,1,2,4,2,2,2,1
561,2,36,4,1,5800,1,3,3,3,1,4,3,34,3,2,2,3,2,2,2,1
562,1,18,3,6,8471,5,3,1,2,1,2,3,23,3,1,2,3,2,2,2,1
563,1,6,4,3,1169,5,5,4,3,1,4,1,67,3,2,2,3,2,2,2,1
564,4,15,2,4,1262,3,4,4,3,1,3,2,36,3,2,2,3,2,2,2,1
565,3,24,4,2,3617,5,5,4,3,2,4,4,20,3,1,2,3,2,1,2,1
566,2,30,4,0,2181,5,5,4,3,1,4,1,36,3,2,2,3,2,1,2,1
567,4,48,4,6,6110,1,3,1,3,1,3,4,31,1,3,1,3,2,2,2,1
568,1,42,4,5,3394,1,1,4,3,2,4,3,65,3,2,2,1,2,1,2,1
569,4,36,4,9,6304,5,5,4,3,1,4,1,36,3,2,2,3,2,1,2,1
570,4,9,4,6,1244,5,5,4,2,1,4,2,41,3,1,2,2,2,1,2,1
571,4,6,2,0,3518,1,3,2,3,3,3,2,26,3,1,1,3,2,1,2,1
572,4,36,0,5,2613,1,3,4,3,1,2,3,27,3,2,2,3,2,1,2,1
573,1,48,2,6,7476,1,4,4,3,1,1,4,50,3,3,1,4,2,2,2,1
574,3,15,2,6,1905,1,5,4,3,1,4,3,40,3,1,1,4,2,2,2,1
575,4,21,3,1,2993,1,3,3,3,1,2,1,28,2,2,2,2,2,1,2,1
576,4,36,3,1,8947,5,4,3,3,1,2,3,31,2,2,1,4,1,2,2,1
577,1,24,2,2,4020,1,3,2,3,1,2,3,27,2,2,1,3,2,1,2,1
578,2,18,2,1,2779,1,3,1,4,1,3,3,21,3,1,1,3,2,2,2,1
579,4,21,2,0,2782,3,4,1,2,1,2,3,31,1,2,1,4,2,1,2,1
580,4,12,2,0,1884,1,5,4,3,1,4,3,39,3,2,1,4,2,2,2,1
581,4,36,4,1,11054,5,3,4,3,1,2,3,30,3,2,1,4,2,2,2,1
582,2,60,3,3,9157,5,3,2,3,1,2,4,27,3,3,1,4,2,1,2,1
583,2,42,1,1,9283,1,1,1,3,1,2,4,55,1,3,1,4,2,2,2,1
584,4,60,2,0,6527,5,3,4,3,1,4,4,34,3,3,1,3,1,2,2,1
585,4,15,4,1,3368,4,5,3,3,1,4,4,23,3,1,2,3,2,2,2,1
586,1,15,2,0,2511,1,1,1,2,1,4,3,23,3,1,1,3,2,1,2,1
587,2,9,2,3,1082,1,5,4,3,1,4,3,37,3,2,2,2,2,1,2,1
588,4,18,4,3,1149,4,3,4,3,1,3,1,46,3,2,2,3,2,1,2,1
589,2,15,2,5,1308,1,5,4,3,1,4,3,38,3,2,2,2,2,1,2,1
590,2,20,0,1,6148,2,5,3,4,1,4,3,31,1,2,2,3,2,2,2,1
591,4,12,2,2,1736,1,4,3,2,1,4,1,31,3,2,1,2,2,1,2,1
592,4,12,2,3,3059,4,4,2,1,1,4,1,61,3,2,1,2,2,1,2,1
593,4,30,4,1,7596,5,5,1,3,1,4,3,63,3,2,2,3,2,1,2,1
594,4,30,2,1,4811,5,4,2,2,1,4,2,24,2,1,1,2,2,1,2,1
595,4,6,2,2,1766,1,3,1,4,1,2,2,21,3,1,1,3,2,1,2,1
596,2,24,2,1,2760,5,5,4,3,1,4,4,36,1,3,1,3,2,2,2,1
597,4,24,4,5,5507,1,5,3,3,1,4,4,44,3,3,2,3,2,1,2,1
598,3,24,2,2,2892,1,5,3,1,1,4,4,51,3,3,1,3,2,1,2,1
599,2,36,3,0,2862,2,5,4,3,1,3,4,30,3,3,1,3,2,1,2,1
600,1,18,2,0,1216,1,2,4,2,1,3,3,23,3,1,1,3,2,2,2,0
601,4,18,4,6,1864,2,3,4,2,1,2,1,30,3,2,2,3,2,1,2,0
602,1,12,2,0,1228,1,3,4,2,1,2,1,24,3,2,1,2,2,1,2,0
603,2,12,2,0,685,1,4,2,4,1,3,3,25,1,2,1,2,2,1,2,0
604,3,9,2,3,745,1,3,3,2,1,2,1,28,3,2,1,2,2,1,2,0
605,1,12,4,0,3499,1,3,3,2,2,2,1,29,3,2,2,3,2,1,2,0
606,1,12,0,5,1108,1,4,4,3,1,3,1,28,3,2,2,3,2,1,2,0
607,2,9,4,6,1501,1,5,2,2,1,3,3,34,3,2,2,4,2,2,2,0
608,4,12,3,5,1555,4,5,4,3,1,4,4,55,3,3,2,3,1,1,2,0
609,2,12,2,3,766,3,3,4,3,1,3,1,66,3,2,1,2,2,1,2,0
610,1,28,2,0,4006,1,3,3,3,1,2,3,45,3,2,1,2,2,1,2,0
611,4,36,2,6,1819,1,3,4,3,1,4,4,37,2,3,1,3,2,2,2,0
612,4,24,2,3,5943,5,2,1,2,1,1,3,44,3,2,2,3,2,2,2,0
613,4,36,4,2,7127,1,2,2,2,1,4,2,23,3,1,2,3,2,2,2,0
614,4,36,2,2,3349,1,3,4,2,1,2,3,28,3,2,1,4,2,2,2,0
615,4,36,2,2,10974,1,1,4,2,1,2,3,26,3,2,2,4,2,2,2,0
616,2,60,2,0,7408,2,2,4,2,1,2,2,24,3,2,1,4,2,1,2,0
617,1,36,2,2,3446,1,5,4,3,1,2,3,42,3,2,1,3,1,1,2,0
618,1,12,2,6,684,1,3,4,3,1,4,3,40,3,1,1,2,1,1,2,0
619,1,33,4,2,4281,3,3,1,2,1,4,3,23,3,2,2,3,2,1,2,0
620,1,42,2,3,7174,5,4,4,2,1,3,3,30,3,2,1,4,2,2,2,0
621,1,24,1,3,1546,1,4,4,3,3,4,3,24,1,1,1,2,2,1,2,0
622,1,24,2,2,2359,2,1,1,1,1,1,2,33,3,2,1,3,2,1,2,0
623,4,24,2,3,3621,2,5,2,3,1,4,3,31,3,2,2,3,2,1,2,0
624,1,12,2,4,741,2,1,4,2,1,3,2,22,3,2,1,3,2,1,2,0
625,1,12,2,2,7865,1,5,4,3,1,4,4,53,3,3,1,4,2,2,2,0
626,1,36,4,2,6229,1,2,4,2,2,4,4,23,3,1,2,2,2,2,2,0
627,1,24,1,0,1193,1,1,1,2,2,4,4,29,3,1,2,1,2,1,2,0
628,1,36,2,1,8229,1,3,2,3,1,2,2,26,3,2,1,3,1,1,2,0
629,1,36,2,2,2712,1,5,2,3,1,2,2,41,1,2,1,3,1,1,2,0
630,2,12,2,0,836,2,2,4,2,1,2,2,23,1,2,1,2,2,1,2,0
631,1,48,4,1,6143,1,5,4,2,1,4,4,58,2,3,2,2,2,1,2,0
632,1,24,2,3,1282,2,3,4,2,1,2,3,32,3,2,1,2,2,1,2,0
633,1,48,1,9,7685,1,4,2,2,3,4,3,37,3,1,1,3,2,1,2,0
634,4,24,2,9,4591,4,3,2,3,1,3,2,54,3,2,3,4,2,2,2,0
635,2,18,2,2,1924,5,2,4,2,1,3,1,27,3,1,1,3,2,1,2,0
636,2,72,2,3,5595,2,3,2,4,1,2,3,24,3,2,1,3,2,1,2,0
637,2,48,3,6,6224,1,5,4,3,1,4,4,50,3,3,1,3,2,1,2,0
638,2,9,4,6,1136,4,5,4,3,1,3,4,32,3,3,2,3,1,1,2,0
639,2,24,2,1,4113,3,2,3,2,1,4,3,28,3,1,1,3,2,1,2,0
640,2,6,2,0,14555,5,1,1,3,1,2,2,23,3,2,1,1,2,2,2,0
641,1,15,0,0,950,1,5,4,3,1,3,3,33,3,1,2,3,1,1,2,0
642,1,24,4,0,1199,1,5,4,3,1,4,3,60,3,2,2,2,2,1,2,0
643,1,12,0,0,1082,1,3,4,3,1,4,3,48,1,2,2,3,2,1,2,0
644,2,30,2,0,2150,1,3,4,2,3,2,4,24,1,2,1,3,2,1,2,0
645,2,36,4,0,2820,1,2,4,1,1,4,3,27,3,2,2,3,2,1,2,0
646,2,48,2,3,3060,1,4,4,3,1,4,1,28,3,2,2,3,2,1,2,0
647,2,60,2,6,6288,1,3,4,3,1,4,4,42,3,3,1,3,2,1,2,0
648,4,9,2,3,1478,1,4,4,3,1,2,3,22,3,2,1,3,2,1,2,0
649,2,39,4,3,4933,1,4,2,3,3,2,1,25,3,2,2,3,2,1,2,0
650,4,18,4,0,1530,1,3,3,3,1,2,2,32,1,2,2,3,2,1,2,0
651,2,9,1,0,1437,2,4,2,3,1,3,4,29,3,2,1,3,2,1,2,0
652,1,9,2,0,1422,1,2,3,3,1,2,4,27,3,3,1,4,2,2,2,0
653,1,36,3,9,2145,1,4,2,3,1,1,3,24,3,2,2,3,2,2,2,0
654,1,36,2,0,1842,1,2,4,2,1,4,3,34,3,2,1,3,2,2,2,0
655,2,18,3,2,4297,1,5,4,1,1,3,4,40,3,2,1,4,2,2,2,0
656,2,18,4,3,1245,1,3,4,4,1,2,3,33,3,2,1,3,2,1,2,0
657,4,15,2,6,4623,2,3,3,3,1,2,2,40,3,2,1,4,2,2,2,0
658,2,30,4,2,8386,1,4,2,3,1,2,2,49,3,2,1,3,2,1,2,0
659,1,24,3,3,1024,1,2,4,4,1,4,1,48,2,2,1,3,2,1,2,0
660,2,6,1,6,433,4,2,4,2,1,2,2,24,1,1,1,3,1,1,2,0
661,1,12,1,3,2149,1,3,4,1,1,1,4,29,3,3,1,3,2,1,2,0
662,4,24,2,3,2397,3,5,3,3,1,2,3,35,1,2,2,3,2,2,2,0
663,2,6,1,0,931,2,2,1,2,1,1,2,32,2,2,1,2,2,1,2,0
664,2,15,3,5,1512,4,3,3,4,1,3,2,61,2,2,2,3,2,1,2,0
665,2,24,0,9,4241,1,3,1,3,1,4,1,36,3,2,3,2,2,2,2,0
666,2,24,4,2,4736,1,2,2,2,1,4,3,25,1,2,1,2,2,1,2,0
667,2,15,0,0,1778,1,2,2,2,1,1,1,26,3,1,2,1,2,1,2,0
668,2,36,0,9,1953,1,5,4,3,1,4,4,61,3,3,1,4,2,2,2,0
669,3,21,4,6,2319,1,2,2,1,1,1,3,33,3,1,1,3,2,1,2,0
670,3,24,2,0,947,1,4,4,3,1,3,4,38,1,3,1,3,1,1,2,0
671,1,24,2,0,1285,5,4,4,2,1,4,4,32,3,1,1,3,2,1,2,0
672,1,24,2,0,1371,5,3,4,2,1,4,1,25,3,1,1,3,2,1,2,0
673,2,18,2,0,1042,5,3,4,2,1,2,2,33,3,2,1,3,2,1,2,0
674,1,12,2,0,900,5,3,4,4,1,2,3,23,3,2,1,3,2,1,2,0
675,1,24,2,0,1207,1,2,4,2,1,4,2,24,3,1,1,3,2,1,2,0
676,2,18,0,0,2278,2,2,3,2,1,3,3,28,3,2,2,3,2,1,2,0
677,1,60,3,9,6836,1,5,3,3,1,4,4,63,3,2,2,3,2,2,2,0
678,1,24,2,2,3345,1,5,4,3,1,2,2,39,3,1,1,4,2,2,2,0
679,1,6,1,6,1198,1,5,4,2,1,4,4,35,3,3,1,3,2,1,2,0
680,2,48,2,9,15672,1,3,2,3,1,2,3,23,3,2,1,3,2,2,2,0
681,4,18,2,5,1943,1,2,4,2,1,4,1,23,3,2,1,3,2,1,2,0
682,1,18,2,3,3190,1,3,2,2,1,2,1,24,3,2,1,3,2,1,2,0
683,1,12,2,0,759,1,4,4,3,1,2,1,26,3,2,1,3,2,1,2,0
684,4,9,2,2,1980,1,2,2,2,2,2,3,19,3,1,2,3,2,1,2,0
685,2,48,2,3,10961,4,4,1,3,2,2,4,27,1,2,2,3,2,2,2,0
686,1,36,3,6,6887,1,3,4,3,1,3,2,29,2,2,1,3,2,2,2,0
687,1,21,2,3,1835,1,3,3,2,1,2,1,25,3,2,2,3,2,2,2,0
688,1,24,3,3,1659,1,2,4,2,1,2,3,29,3,1,1,2,2,2,2,0
689,2,6,3,0,1209,1,1,4,3,1,4,2,47,3,2,1,4,2,2,2,0
690,2,48,0,9,3844,2,4,4,3,1,4,4,34,3,3,1,2,1,1,2,0
691,1,12,4,0,4843,1,5,3,3,2,4,2,43,3,1,2,3,2,2,2,0
692,2,12,2,5,639,1,3,4,3,1,2,3,30,3,2,1,3,2,1,2,0
693,2,48,2,3,5951,1,3,2,2,1,2,1,22,3,2,1,3,2,1,2,0
694,2,36,0,3,3804,1,3,4,2,1,1,3,42,3,2,1,3,2,2,2,0
695,4,36,3,3,4463,1,3,4,3,1,2,3,26,3,2,2,4,2,2,2,0
696,4,6,2,2,4611,1,2,1,2,1,4,2,32,3,2,1,3,2,1,2,0
697,4,18,1,0,6458,1,5,2,3,1,4,4,39,1,2,2,4,1,2,2,0
698,1,36,2,6,1977,5,5,4,3,1,4,4,40,3,2,1,4,2,2,2,0
699,2,18,4,2,1928,1,2,2,3,1,2,1,31,3,2,2,2,2,1,2,0
700,2,24,4,10,11938,1,3,2,3,2,3,3,39,3,2,2,4,1,2,2,0
701,2,27,4,3,2520,3,3,4,3,1,2,2,23,3,2,2,2,2,1,2,0
702,2,30,3,3,1919,2,2,4,3,1,3,4,30,2,2,2,4,2,1,2,0
703,2,60,1,10,14782,2,5,3,2,1,4,4,60,1,3,2,4,2,2,2,0
704,2,36,2,3,2671,2,3,4,2,2,4,4,50,3,3,1,3,2,1,2,0
705,2,36,2,6,12612,2,3,1,3,1,4,4,47,3,3,1,3,1,2,2,0
706,2,24,4,9,1935,1,5,4,1,1,4,1,31,3,2,2,3,2,2,2,0
707,4,18,2,2,1533,1,2,4,4,2,1,2,43,3,2,1,2,1,1,2,0
708,1,42,2,3,3965,1,2,4,3,1,3,3,34,3,2,1,3,2,1,2,0
709,4,48,2,9,3914,5,3,4,1,1,2,1,38,1,2,1,3,2,1,2,0
710,1,48,2,9,4308,1,2,3,2,1,4,2,24,3,1,1,3,2,1,2,0
711,2,12,2,3,1534,1,2,1,4,1,1,1,23,3,1,1,3,2,1,2,0
712,2,36,2,1,9398,1,2,1,4,1,4,3,28,3,1,1,4,2,2,2,0
713,2,12,2,2,951,2,2,4,2,1,4,3,27,1,1,4,3,2,1,2,0
714,4,18,2,3,433,1,1,3,2,2,4,1,22,3,1,1,3,2,1,2,0
715,2,24,1,6,1837,1,4,4,2,1,4,4,34,1,3,1,2,2,1,2,0
716,2,30,4,0,4249,1,1,4,4,1,2,3,28,3,2,2,4,2,1,2,0
717,2,30,4,0,5234,1,1,4,4,1,2,3,28,3,2,2,4,2,1,2,0
718,1,9,2,3,1366,1,2,3,2,1,4,2,22,3,1,1,3,2,1,2,0
719,1,24,1,10,1358,5,5,4,3,1,3,3,40,2,2,1,4,2,2,2,0
720,1,18,2,2,2473,1,1,4,3,1,1,3,25,3,2,1,1,2,1,2,0
721,3,9,0,3,1337,1,2,4,3,1,2,3,34,3,2,2,4,2,2,2,0
722,1,48,2,0,7763,1,5,4,3,1,4,4,42,1,3,1,4,2,1,2,0
723,2,15,1,0,1264,2,3,2,4,1,2,2,25,3,1,1,3,2,1,2,0
724,2,15,2,0,2631,2,3,2,2,1,4,3,28,3,1,2,3,2,2,2,0
725,2,48,2,0,6560,2,4,3,3,1,2,2,24,3,2,1,3,2,1,2,0
726,1,24,2,0,3123,1,2,4,2,1,1,2,27,3,2,1,3,2,1,2,0
727,1,24,2,3,2439,1,2,4,2,1,4,1,35,3,2,1,3,2,2,2,0
728,2,36,2,2,9034,2,2,4,3,2,1,4,29,3,1,1,4,2,2,2,0
729,2,60,2,0,14027,1,4,4,3,1,2,4,27,3,2,1,4,2,2,2,0
730,1,36,4,1,9629,1,4,4,3,1,4,3,24,3,2,2,3,2,2,2,0
731,2,12,2,3,1484,5,3,2,4,1,1,1,25,3,2,1,3,2,2,2,0
732,2,18,2,1,12976,1,1,3,2,1,4,4,38,3,3,1,4,2,2,2,0
733,4,21,3,9,2580,3,2,4,3,1,2,1,41,1,2,1,2,1,1,2,0
734,4,27,2,0,2570,1,3,3,2,1,3,1,21,3,1,1,3,2,1,2,0
735,4,10,2,0,1309,5,3,4,3,3,4,2,27,3,2,1,2,2,1,2,0
736,2,36,3,0,2225,1,5,4,3,1,4,4,57,1,3,2,3,2,2,2,0
737,1,18,2,2,4153,1,3,2,3,2,3,3,42,3,2,1,3,2,1,2,0
738,1,18,0,2,3114,1,2,1,2,1,4,2,26,3,1,1,3,2,1,2,0
739,1,18,1,2,1553,1,3,4,3,1,3,3,44,1,2,1,3,2,1,2,0
740,1,30,2,2,2406,1,4,4,2,1,4,1,23,3,1,1,3,2,1,2,0
741,1,24,3,0,1333,1,1,4,3,1,2,1,43,3,3,2,3,1,1,2,0
742,1,48,0,2,7119,1,3,3,3,1,4,4,53,3,3,2,3,1,1,2,0
743,1,24,3,0,4870,1,3,3,3,1,4,4,53,3,3,2,3,1,1,2,0
744,1,24,0,2,4110,1,5,3,3,1,4,4,23,1,1,2,3,1,1,2,0
745,1,48,0,1,4605,1,5,3,3,1,4,4,24,3,3,2,3,1,1,2,0
746,1,48,4,1,6331,1,5,4,3,1,4,4,46,3,3,2,3,2,2,2,0
747,1,24,1,2,3552,1,4,3,3,1,4,3,27,1,2,1,3,2,1,2,0
748,1,12,1,0,697,1,2,4,3,1,2,3,46,1,2,2,3,2,2,2,0
749,1,21,3,6,3414,1,2,2,3,1,1,2,26,2,2,2,3,2,1,2,0
750,1,18,2,2,2039,1,3,1,2,1,4,1,20,3,1,1,3,2,1,2,0
751,1,24,1,9,3161,1,3,4,3,1,2,2,31,1,1,1,3,2,2,2,0
752,2,48,0,9,14421,1,3,2,3,1,2,3,25,2,2,1,3,2,2,2,0
753,2,18,4,0,1056,1,5,3,3,3,3,1,30,3,2,2,3,2,1,2,0
754,1,12,2,0,1274,1,2,3,2,1,1,1,37,1,2,1,2,2,1,2,0
755,2,12,2,0,1223,1,5,1,1,1,1,1,46,3,1,2,3,2,1,2,0
756,1,20,4,0,2235,1,3,4,4,3,2,2,33,1,1,2,3,2,1,1,0
757,2,9,2,2,959,1,3,1,2,1,2,3,29,1,2,1,3,2,1,2,0
758,2,18,4,0,884,1,5,4,3,1,4,3,36,3,2,1,3,1,2,2,0
759,2,24,2,0,1246,1,2,4,3,1,2,1,23,1,2,1,2,2,1,2,0
760,4,48,4,0,10127,3,3,2,3,1,2,4,44,3,3,1,3,2,1,2,0
761,2,12,2,0,888,1,5,4,3,1,4,3,41,1,2,1,2,1,1,2,0
762,4,12,2,6,719,1,5,4,3,1,4,3,41,1,2,1,2,1,1,2,0
763,2,36,2,0,12389,5,3,1,3,1,4,4,37,1,3,1,3,2,2,2,0
764,1,12,2,3,709,1,5,4,3,1,4,1,57,3,2,1,2,2,1,2,0
765,2,15,1,0,6850,2,1,1,3,1,2,2,34,2,2,1,4,1,2,2,0
766,4,10,2,2,2210,1,3,2,3,1,2,1,25,3,1,1,2,2,1,2,0
767,1,18,1,0,1442,1,4,4,3,1,4,4,32,1,3,2,2,1,1,2,0
768,3,12,4,0,939,3,4,4,4,1,2,1,28,3,2,3,3,2,2,2,0
769,2,21,2,9,1188,1,5,2,2,1,4,2,39,3,2,1,3,1,1,2,0
770,3,12,1,9,609,1,2,4,2,1,1,1,26,1,2,1,1,2,1,2,0
771,1,18,4,5,1190,1,1,2,2,1,4,4,55,3,3,3,1,1,1,2,0
772,2,21,2,9,2767,2,5,4,1,1,2,3,61,3,1,2,2,2,1,2,0
773,2,24,2,3,3092,2,2,3,4,1,2,3,22,3,1,1,3,2,2,2,0
774,2,12,2,3,1331,1,2,2,3,1,1,3,22,3,2,1,3,2,1,2,0
775,2,54,0,9,15945,1,2,3,3,1,4,4,58,3,1,1,3,2,2,2,0
776,2,15,2,3,802,1,5,4,3,1,3,3,37,3,2,1,3,1,1,2,0
777,4,24,3,9,8648,1,2,2,3,1,2,3,27,1,2,2,3,2,2,2,0
778,1,18,2,3,1345,1,3,4,4,1,3,1,26,3,2,1,3,2,1,2,0
779,1,21,1,0,1647,5,3,4,3,1,2,2,40,1,2,2,2,1,1,2,0
780,3,18,2,3,2100,1,3,4,3,2,2,1,37,3,2,1,3,2,1,2,0
781,1,6,2,6,448,1,2,4,2,1,4,2,23,3,2,1,3,2,1,2,0
782,1,30,2,5,11998,1,2,1,1,1,1,4,34,1,2,1,2,2,2,2,0
783,2,48,0,10,18424,1,3,1,2,1,2,2,32,1,2,1,4,2,2,1,0
784,2,12,2,2,2762,5,5,1,2,1,2,2,25,3,2,1,3,2,2,2,0
785,1,12,2,1,3386,1,5,3,3,1,4,4,35,3,3,1,3,2,2,2,0
786,2,24,2,3,2039,1,2,1,4,1,1,2,22,3,2,1,3,2,2,2,0
787,1,18,2,3,1882,1,3,4,2,1,4,3,25,1,1,2,3,2,1,2,0
788,4,12,4,9,2292,1,1,4,3,1,2,3,42,2,2,2,4,2,2,2,0
789,1,14,2,0,8978,1,5,1,1,1,4,2,45,3,2,1,4,2,2,1,0
790,1,12,2,3,674,2,4,4,4,1,1,2,20,3,2,1,3,2,1,2,0
791,2,24,2,0,2718,1,3,3,2,1,4,2,20,3,1,1,2,2,2,2,0
792,1,18,2,6,750,1,1,4,2,1,1,1,27,3,2,1,1,2,1,2,0
793,2,24,2,1,12579,1,5,4,2,1,2,4,44,3,3,1,4,2,2,2,0
794,1,18,2,1,7511,5,5,1,3,1,4,2,51,3,3,1,3,1,2,2,0
795,1,18,4,0,3966,1,5,1,2,1,4,1,33,1,1,3,3,2,2,2,0
796,1,12,0,3,6199,1,3,4,3,1,2,2,28,3,1,2,3,2,2,2,0
797,4,21,4,0,12680,5,5,4,3,1,4,4,30,3,3,1,4,2,2,2,0
798,2,12,2,3,6468,5,1,2,3,1,1,4,52,3,2,1,4,2,2,2,0
799,1,30,2,2,6350,5,5,4,3,1,4,2,31,3,2,1,3,2,1,2,0
